EmpId,EmpName,Dept,Serial,YOB
32163976,Iona,Research and Development,PIC99HTG0GW,1993
12977573,Barbara,Legal Department,CEU35ZFE4FP,1972
11640499,Herrod,Media Relations,LFN08AXW2XW,1995
40884185,Ariel,Accounting,SIA81IRO2AS,1994
47655166,Ethan,Asset Management,XNY74COY3CE,1996
46001682,Giselle,Public Relations,DXG06AAW7NO,1971
18092670,Emerson,Sales and Marketing,KJE63DES5WQ,1988
29784487,Brooke,Human Resources,JVY61MSN9GF,1986
24687133,Byron,Media Relations,YCY55MPB2DA,1977
10700010,Silas,Accounting,UUF82VIH2KM,1976
22594575,Rae,Sales and Marketing,HWP11ELV1KO,1985
36117034,Zachary,Advertising,DJU44SMI8NE,1976
17935129,Avram,Accounting,WKE57IOJ1RC,1994
39617882,Russell,Sales and Marketing,ZLI49CXX5FI,1978
33340122,Leah,Accounting,KXZ96VTF5BH,1973
42322735,Roary,Tech Support,YUO65UYB1SQ,1993
23363694,Steel,Customer Relations,YBT31YGQ3NH,1990
22296515,Ginger,Public Relations,EUZ37CQW4VD,1982
35871144,Nyssa,Media Relations,RNF22CTB6HN,1970
42109176,Jamal,Sales and Marketing,OQD22SFZ5FI,1975
17933480,Paula,Advertising,WDE76SNO8AD,1986
44805517,Pandora,Media Relations,FJY28FSU8TG,1978
34504923,Justine,Payroll,SGF76RRH2SY,1994
42887038,Guinevere,Research and Development,EDQ45YPK2DA,1991
27859374,Jelani,Research and Development,UOG83RGH2NQ,1992
29223044,Stella,Media Relations,XLY12QPE7CQ,1989
25847619,Ryan,Media Relations,JXT17TVF0MI,1990
25616841,Rashad,Public Relations,KIK71RKL2IG,1991
19879283,Cain,Sales and Marketing,FWE30IOE8LT,1974
16470287,Channing,Human Resources,FJQ26WEM3XR,1982
41543487,Iona,Asset Management,HVI63KQF7DN,1990
46983778,Inga,Quality Assurance,MCQ65WMD6IT,1991
44938136,Forrest,Accounting,OKS48LBH3GX,1996
37674790,Wyatt,Sales and Marketing,XFB95YHQ0KJ,1987
41592522,Giselle,Advertising,CGY14OQT1IP,1992
44860383,Wynne,Legal Department,DEN62SCM1JN,1993
11624286,Rhoda,Tech Support,ZGK77MMM3TE,1982
17866399,Dillon,Media Relations,FGH57UNZ8SA,1985
18061826,Orlando,Legal Department,BZC72XLT4HC,1995
11470734,Derek,Legal Department,VQY46RBS2RQ,1998
11638319,Connor,Asset Management,NHF94DGL2AO,1996
20382557,Abigail,Advertising,NSC80QOC6UZ,1978
10093392,Victor,Customer Relations,MNX11YXT8PQ,1975
46337005,Hayes,Sales and Marketing,KKV01NPC8IY,1988
47691036,Ira,Quality Assurance,WKK83LAV7ZJ,1973
27136702,Janna,Public Relations,LID51XBG2SZ,1985
10392951,Lionel,Sales and Marketing,YZC45GFU5HM,1991
48533171,Forrest,Accounting,ANZ33ROT1SN,1995
42072304,Dennis,Accounting,EEK40TLD5FY,1985
28536287,Demetrius,Quality Assurance,MBO09PPR1FD,1981
41414699,Ralph,Asset Management,FKN72HZX9TX,1984
36487631,Robert,Accounting,XOG57NJQ1SR,1982
32384331,Donna,Finances,TYZ98MCY2HS,1998
21806120,Rahim,Advertising,WVS67XQI8XJ,1971
18670512,Lars,Sales and Marketing,DXY95FSU6IQ,1978
18282825,Nolan,Asset Management,LOY08FRX0RR,1974
26105509,Lyle,Tech Support,UMZ81ULY2TX,1982
38494438,Chastity,Human Resources,MCL14UMM4WL,1996
21431310,Meredith,Human Resources,VGJ87KHQ4ES,1976
29112459,Ivana,Public Relations,ESZ06FSW2ZP,1978
34787084,Henry,Sales and Marketing,YPQ47JJY6XQ,1990
29591847,Reuben,Customer Service,WVU47XKV6RC,1986
26112727,Quamar,Research and Development,PNS25FBI7KN,1981
15076287,Leila,Accounting,PYJ15CPN6YP,1987
32165829,Chava,Customer Relations,MAX07MVQ9AF,1989
42378322,Randall,Finances,PFZ45YSC3YV,1990
32122507,Uriah,Human Resources,DEQ77NWL9ME,1992
12568434,Sade,Tech Support,PGJ27MGU0QZ,1989
12325361,Darryl,Advertising,BHH49EQK6NP,1990
23794958,Isabelle,Customer Service,WQW98BEV4VF,1978
25295519,Kameko,Tech Support,NXX01NYM3RE,1973
18347442,Ethan,Human Resources,BHR12CKG0NQ,1995
37807655,Lewis,Legal Department,FNT72FXH8UY,1983
27121283,Aiko,Human Resources,YOL91OJI2XI,1985
10325598,Daphne,Asset Management,ENP37NWS8WS,1972
40365144,Cruz,Tech Support,ARO52JQH5HQ,1995
21535213,Thane,Payroll,XJD03CPZ7OY,1984
15775737,Charissa,Customer Service,OXU50EIJ4TS,1974
17292587,Raphael,Research and Development,KIU60ECI8UE,1989
39280724,Chester,Customer Relations,SMB94MZD6AE,1986
42747397,Quin,Legal Department,GHK56PPS4CY,1980
40785631,Valentine,Payroll,IML95WGQ9UR,1992
44201075,Jolie,Sales and Marketing,YPN79SBE4UN,1980
41443200,Tyrone,Research and Development,OHN69UQW8NJ,1982
37471892,Rama,Media Relations,DTT58UXJ8JQ,1973
47967807,Aidan,Public Relations,EGV44WPQ3WY,1977
23919371,Philip,Tech Support,RFD30KNA7SL,1993
22951454,Faith,Customer Service,BOU17SAM4TG,1996
34484271,Uriah,Media Relations,FGW65GLS2LV,1979
24913642,Brooke,Customer Relations,WGG08LJR2TL,1974
18349363,Katell,Research and Development,RXR66PHA2RM,1990
20971055,Acton,Finances,DAC39QSS7QR,1974
29713972,Adrian,Public Relations,FEK21SAK7ZN,1989
30713299,Armando,Finances,IXN51GIV6PX,1983
20914758,Rashad,Payroll,BSV48UXK5LV,1991
22140666,Harriet,Human Resources,CVH77BXK8JR,1992
25875048,Rebecca,Asset Management,HUS62NZG2TH,1971
33527147,Reece,Public Relations,RXU23BNB3AB,1992
33039261,Kitra,Accounting,FSL48YNS6RF,1988
47701800,Lee,Sales and Marketing,SUV71NKK6BS,1995
22333302,Sigourney,Accounting,DWO79BUX2TM,1974
25220008,Alea,Advertising,LAT11COS7YC,1998
28268190,Thomas,Finances,CXP68DKX4PE,1990
35025804,Jakeem,Public Relations,DJZ24TIZ9VH,1995
16861880,Chanda,Research and Development,KQM38BVK3HC,1982
19364677,Ezra,Accounting,MQO82SVT7KS,1995
49242091,Yuri,Finances,RTE53VOU3DT,1995
34581720,Travis,Customer Service,GAX44BHT0EK,1981
49853940,Fleur,Public Relations,TYH85EIE0XP,1975
38425013,Vanna,Payroll,JJR87OTZ3SU,1992
12984835,Dacey,Sales and Marketing,FJQ20GPZ9IN,1979
25002690,Amber,Sales and Marketing,TKV23LUQ7SX,1980
15734229,Luke,Legal Department,TIL80NOU4DC,1972
34028787,Lyle,Human Resources,DXH39XZL0JN,1981
11621580,Ross,Legal Department,XAR46EGJ1PP,1992
40886838,Melissa,Payroll,LSN46BLM9YC,1990
43996248,Tatum,Legal Department,HMI65HTF4IG,1979
18166931,Thaddeus,Legal Department,MMF09SCL6WB,1990
14645429,Blaze,Asset Management,RFA17QFG4OC,1973
17268444,Jackson,Quality Assurance,JBJ01QDF1NN,1977
43046590,Lionel,Sales and Marketing,CLK77JNL5RW,1985
15906815,Orlando,Payroll,SRU88MUU7DJ,1988
42439939,Daquan,Sales and Marketing,QBV42HSG8CK,1973
13472224,Walter,Advertising,CQK93VFQ7KZ,1994
13650983,Josephine,Quality Assurance,QEM59HOK1GV,1989
47040172,Kane,Quality Assurance,YQQ21ENE1ES,1982
23081577,Amir,Human Resources,TUK74KZF6OQ,1993
26474611,Renee,Finances,FKV76MLV7NK,1985
17636745,Carly,Finances,AHV72TIN5DD,1983
18864580,Urielle,Customer Relations,NCW22INP7OW,1994
47781654,Raphael,Accounting,VLZ11GWB4WS,1984
26617128,Abra,Customer Service,GZG44SCM5LB,1990
32213745,Jin,Customer Service,TWM42AVV4CS,1996
39459590,George,Public Relations,BWH31SPO1ZH,1983
23221404,Adam,Legal Department,DVO10TOC3WX,1982
19942633,Germaine,Human Resources,FDF47PZQ1IJ,1971
12592057,Hyatt,Payroll,COI99BMN0RV,1982
17592707,Aline,Quality Assurance,IYR46YXK3SC,1986
33688815,Byron,Customer Service,QLC11NYR1RY,1984
41032800,Hermione,Public Relations,HNJ53IEK1YX,1996
49966673,Tanner,Tech Support,FZB41STH9YF,1971
34011240,Hanae,Legal Department,PBX62VJR6CR,1988
47469851,Anastasia,Customer Service,INO14YBX3NV,1995
27865908,Leandra,Asset Management,THF83LFD7KC,1987
49749388,Donovan,Customer Service,INI38REX8XT,1997
40586194,Laurel,Research and Development,RUE32FWU0MW,1991
27428502,Zeus,Quality Assurance,UEL98RBV4QE,1975
18821695,Jeanette,Customer Service,CIR98GYD9IU,1991
42423205,Sawyer,Human Resources,NDY54ONB4ZU,1984
29790500,Dora,Payroll,OHE61VGL9FF,1987
28296194,Aiko,Payroll,OXM91RSH2TR,1987
31475837,Mechelle,Accounting,EAJ56PSY7FO,1984
11325466,Clark,Public Relations,XOJ96IBD7DF,1998
37704895,Emi,Accounting,AUJ50LOY4EX,1972
41668611,Madeson,Human Resources,KPO94XCU3HI,1975
15157203,Quinn,Accounting,UFM29TKQ7QG,1992
25322204,Nicole,Customer Service,KOH56JWH0OO,1990
16507929,Nerea,Payroll,TFQ23IEO1NW,1996
27410773,Xenos,Media Relations,XAQ20DUR2UT,1988
40057159,Philip,Human Resources,CUY20FLW0XY,1997
21342694,Ulric,Sales and Marketing,HXP58EGS2AQ,1979
35293250,Petra,Asset Management,EIX96MYG5KB,1972
27676872,Armand,Payroll,NCD67KWC5MB,1988
44512273,Cade,Advertising,SXA69TJF5DW,1990
44524754,Claire,Legal Department,LGA68ZWI9EJ,1975
22105068,Colleen,Advertising,NZU26ICD8QG,1978
27678721,Debra,Advertising,MZO17WJD4IM,1975
22978754,Salvador,Payroll,YJS85IEE4YC,1993
15966087,Kenyon,Research and Development,IMD27FRE1EX,1977
19003125,Emi,Tech Support,PBX03IYP1UB,1997
16249045,Driscoll,Accounting,MAN15UJT2HO,1981
11900540,Jescie,Human Resources,KOL64FNV5AQ,1977
47697871,Lawrence,Media Relations,AHB28OFY8JE,1981
30570153,Wesley,Advertising,DQY10XDW6QP,1986
36144062,Frances,Customer Relations,KAY49KJM4XY,1975
25389620,Joan,Research and Development,CMM84TLG5BT,1972
39775271,Leo,Research and Development,VIH98RCX4YX,1992
24606983,Brian,Finances,QLU79ULF1HX,1995
30078001,Joy,Customer Service,QKF78CHV8MQ,1978
28280161,Jemima,Public Relations,JJU22CNN9OK,1990
24206411,Harriet,Finances,NST10EZM4JQ,1985
35636290,Irene,Media Relations,EKI90OTS4SI,1982
28090488,Martin,Customer Service,IKM56CRX1UL,1993
32701007,Teagan,Human Resources,KHM91FBV0NU,1990
19466344,Thane,Human Resources,KWL70WVC1GH,1973
41622105,Malcolm,Public Relations,VKN77GYM2ON,1988
36802560,Len,Quality Assurance,TAB34RKF1QX,1971
19785297,Linus,Media Relations,DFF72CQO9IZ,1987
35289574,Griffith,Quality Assurance,KPZ76KFR7FP,1974
48869361,Emmanuel,Finances,KGA56XSI3DT,1977
31623859,Wing,Customer Relations,ODO81ILT4WQ,1975
33678861,MacKensie,Asset Management,SJS97HJA0KN,1979
48009322,Clare,Sales and Marketing,ZNF67YGN8MA,1980
15983350,Ezra,Finances,LJP95AOT8PH,1983
43042894,Nadine,Tech Support,OYI96XVB7HG,1974
18656183,Harriet,Payroll,MKR13HSR6ZY,1987
23484982,Daniel,Payroll,FDW56RBZ8ZU,1975
39241131,Damon,Legal Department,GCN48HHG2SQ,1980
25436421,Carter,Sales and Marketing,NFC66AAK1HR,1991
32834126,Briar,Customer Service,KZI26AXN9CE,1996
44395847,Jena,Quality Assurance,IGX23XWF8QQ,1984
17422724,Castor,Customer Service,MFP62LBZ9MA,1996
43447548,Serena,Advertising,WDG01KYF2CU,1983
31442396,Zephania,Accounting,IYC80SVN7OE,1970
26424388,Jelani,Quality Assurance,TAP21JPO0LZ,1990
14914617,Cheyenne,Accounting,ZPS84NFN2GD,1980
42135579,Hunter,Human Resources,SSR36CEE1XZ,1982
19425267,Richard,Tech Support,ZTW72OGX5PL,1985
49782603,Lawrence,Asset Management,BYS42AUM0EP,1997
23757957,Nita,Customer Relations,NUJ13QHP6QK,1994
36290173,Hilary,Media Relations,ZLP75WYI1LB,1972
46319371,Mannix,Human Resources,LQJ93KGJ6OB,1997
48330133,Charity,Customer Service,IYZ54OVS6RA,1984
46132316,Hayden,Tech Support,EZE30XBC8BW,1972
39802424,Nadine,Legal Department,EUR47VCP3HN,1970
44116135,Phillip,Accounting,GDK27OHR4BL,1998
17704782,Ali,Customer Service,SAL46NWZ8XP,1997
18229731,Melvin,Payroll,RTM58FML5SH,1981
26417521,Nomlanga,Accounting,MUI02DRL5RC,1981
47985635,Shaeleigh,Media Relations,DYP63BXK2AA,1993
48890263,Neville,Advertising,MUY16BZY4MJ,1978
11118471,Yoshio,Tech Support,HYY58SLJ5PM,1989
26780368,Melanie,Media Relations,JKV16YPG6UP,1979
46697263,Avye,Sales and Marketing,ABR03LPE4EV,1980
40405607,Cody,Finances,HZX55YRQ1DM,1985
49313638,Savannah,Accounting,PUG05PKL5KH,1996
17706370,Nicole,Tech Support,QCJ74EBZ9XD,1992
17471194,Jaime,Quality Assurance,YNG95ZKI2PJ,1988
13565184,Nayda,Sales and Marketing,OMV19UJZ5EP,1998
10015801,Isaac,Human Resources,OMC74FNQ7RG,1983
16054994,Burke,Legal Department,RQJ99YIN8FG,1986
38116682,Dora,Sales and Marketing,LAA58SCZ7WM,1970
21793208,Drew,Payroll,SXY42OAB4WK,1988
25306073,Myles,Sales and Marketing,DSZ88UXN7OA,1984
42463648,Myles,Asset Management,TJT17FTD4MF,1972
25135853,Peter,Sales and Marketing,WDQ49OTH0HL,1974
48560595,Hammett,Human Resources,PMK36ANL5KV,1989
28194404,Sawyer,Media Relations,HAF96OSO3TS,1971
31748713,Caesar,Advertising,NSG33NWN5VN,1986
30163771,William,Human Resources,HEH58QPK4CD,1994
28645174,Upton,Advertising,DZF14USO7KS,1970
39265889,Karleigh,Legal Department,ZYG64MAM8GD,1990
14927927,Griffin,Asset Management,VME93HKM0UH,1987
14508270,Evan,Research and Development,VVZ70JFH6IW,1989
11821465,Nicole,Finances,AAK32PAJ5IB,1986
41853878,April,Public Relations,WDO40JOJ8NP,1998
46417873,Guy,Asset Management,RSO80HLO6RH,1979
49564724,Cathleen,Customer Relations,WKY44OWF9HM,1970
27810809,Shellie,Human Resources,NTL17PYM6GR,1997
28293042,Casey,Legal Department,SPE52PXK4OL,1989
19140307,Jacob,Human Resources,KYQ19YYF1LX,1990
47233095,Jordan,Asset Management,ZZI50ZAE2NU,1981
13837407,Kirk,Payroll,WFT04XBD5WE,1995
30379622,Baxter,Media Relations,JQT00HVO1YH,1983
16974578,Aline,Customer Service,BLQ11OIN8DF,1992
36588764,Skyler,Research and Development,CUX88QFR7RA,1981
13565327,Geraldine,Payroll,AVV64DWM7RY,1976
32923825,Leilani,Payroll,AYE30COY3XZ,1974
49215059,Honorato,Sales and Marketing,ZKH23JKV6TN,1971
34862100,Urielle,Legal Department,ZZD20HRN4HS,1986
37247739,Thomas,Advertising,VCO27LEG4UG,1975
16309883,Indigo,Quality Assurance,ZOX75IBW8TC,1987
21618017,Yardley,Human Resources,AYK05OTI3MR,1986
18187443,Melodie,Research and Development,BXJ03JIC1VV,1992
19414116,Cullen,Customer Service,DME55NZE6PG,1987
38769699,Arthur,Advertising,RCG15LZX7JJ,1980
30335273,Caesar,Sales and Marketing,CRW72RCA8AE,1970
15818648,Cole,Advertising,CKV13GIE9DE,1988
49105356,Catherine,Advertising,NNW87FCH7AD,1988
46333621,Howard,Media Relations,UMP45CMD2OA,1975
19288725,McKenzie,Sales and Marketing,QYU21UMH1AX,1997
49356923,Marny,Payroll,AYO97YYZ5XP,1974
15624172,Barry,Research and Development,FUM47HSZ8QF,1974
33275239,Colby,Advertising,FST25HUL6EV,1978
44727500,Constance,Asset Management,GMY55REO2HP,1980
11011978,Jakeem,Payroll,SUO17ZVC2OB,1978
15598140,Camden,Payroll,WMF53MQQ9RV,1989
13606243,Conan,Research and Development,ABS07CUD9BU,1971
44600910,Whoopi,Quality Assurance,GEW15BUW2QV,1983
29648235,Benedict,Customer Service,FMG12UDN4NY,1977
37968165,Donna,Legal Department,PTK63QMS2ED,1986
42164905,Jonas,Advertising,BBY97VSY8CO,1994
30250104,Claudia,Payroll,MHQ08RYU1LU,1990
45672996,Aspen,Public Relations,BJO49BTG8UE,1981
13507877,Sonia,Public Relations,IPD63IEM3RM,1998
30152315,Laura,Customer Service,RBZ39RUY4ZV,1973
45877918,Carla,Asset Management,RGN88IVZ3YC,1980
46267084,Azalia,Accounting,BXD77RAS0JR,1982
13671645,Clinton,Customer Relations,ODE50RMT0VL,1971
46287910,Jordan,Payroll,IHS42LPZ1UZ,1972
34484858,Cynthia,Advertising,DZE35WYS9EG,1998
37840218,Mannix,Research and Development,GRB91WXG9HN,1991
21401164,Odette,Legal Department,AWE39VIK9QB,1983
18165075,Regan,Accounting,ZGE63ZCC5FZ,1995
19890894,Brennan,Media Relations,VUG46PVI6HW,1973
22124134,Cora,Tech Support,KTL51WLE9HK,1974
23018913,Merritt,Legal Department,LOI70SWO8FP,1978
10430219,Inga,Accounting,MAM75VFW9HB,1973
29387988,Simone,Quality Assurance,OGJ98RGP9HU,1979
39169153,Christine,Public Relations,RTU23NBM2NE,1994
32059706,Lareina,Customer Service,JCA37XRB0AQ,1975
29902979,Thane,Human Resources,IGH90BAM5ZO,1976
29568026,Griffith,Legal Department,JSZ83QPV9XV,1980
17275831,Imogene,Research and Development,XBT11TSH0QJ,1987
39949428,Phoebe,Finances,YHY79VYS7SH,1988
10018726,Arsenio,Legal Department,KDN90IFF3HY,1979
13867515,Bree,Public Relations,WJT76BHE7FG,1981
17337071,Danielle,Payroll,YED83WCS4GX,1977
23103508,Hamish,Advertising,KMF01AFD2TV,1997
14622174,Clayton,Quality Assurance,ZZV19XMG2EP,1987
46273220,Avye,Asset Management,GZO62ZOX7WW,1998
26918896,August,Human Resources,ULE89JAS2NZ,1997
43715641,Tanek,Research and Development,HII43CNQ5VF,1980
13267685,Yardley,Research and Development,YLZ77FAD3AV,1997
35122175,Chantale,Customer Service,KIQ78RVY5KX,1988
27197041,Jada,Research and Development,OQX11EWP1ZN,1979
18928686,Beck,Customer Service,MNL27EZZ1TT,1993
18013322,Inez,Human Resources,LFX25EUH0KQ,1989
16217858,Keaton,Legal Department,IZT92NXC4MD,1994
24607819,Benedict,Advertising,XEC79FNK5DC,1972
27842090,Craig,Accounting,HWG88AYI9UH,1994
20299609,Mariam,Public Relations,IJN17MWI1FF,1992
19076699,Susan,Tech Support,IGJ63QNM8BP,1997
10256107,Avram,Asset Management,UQV00FQS4KZ,1990
20507765,Alvin,Public Relations,GVM52TAR7IX,1980
29169749,Chava,Quality Assurance,OJU11JUY1VW,1975
36702013,Slade,Media Relations,RTC70HPH4PV,1984
20096709,Mira,Payroll,AWC61CJH2KS,1988
19568650,Scarlet,Quality Assurance,BJT57MSE0AV,1976
23760672,Rama,Accounting,MLB16LWB3WC,1990
15907836,Dante,Quality Assurance,QLH18CIB6MQ,1992
40414099,Rebekah,Customer Relations,ETM30ILX1AB,1980
13441818,Levi,Quality Assurance,ENK71BAU8ZE,1970
19317094,Noble,Human Resources,EJG92HIK1HM,1975
40127503,William,Finances,FPZ04SDR4GN,1997
23854628,Macy,Tech Support,VOA01JVD0BP,1978
17039563,Hilel,Customer Service,ORR01ZZP1OG,1994
17660387,Sean,Accounting,SVV84HAZ2KQ,1976
23959969,Gretchen,Advertising,WCW87QKP9XN,1983
30119117,Jenna,Advertising,QPJ26NDE3RJ,1988
47924123,Zachary,Customer Relations,ELL95AHI9XF,1988
19210475,Joshua,Media Relations,HNX30NQF6LS,1975
35485212,Oscar,Tech Support,YDO14FTX3AW,1998
13435673,Adena,Public Relations,YMA47IQY5RQ,1996
10077600,Nola,Accounting,XGE53RMQ7KS,1977
47990637,Anastasia,Payroll,YCA11OAQ0GW,1984
27114274,Anthony,Research and Development,UTD37HMC7WE,1980
44582237,Byron,Research and Development,AFI89ZUV5SE,1977
33860065,Macaulay,Public Relations,FXX02CXC0PN,1997
31561118,Darius,Asset Management,VJV87RNK0LB,1997
10795953,Stacy,Quality Assurance,AQB18CFK1LM,1980
20810079,Inga,Tech Support,JFN76ETL2QX,1986
19093906,Riley,Public Relations,VUF22JHI0TQ,1991
12771061,Elmo,Human Resources,EAE47AJU7OZ,1981
10814893,Alexa,Sales and Marketing,BOT88TAW8WM,1995
45646758,Nathan,Public Relations,PNQ29MCI7OW,1989
34082302,Carissa,Accounting,EMK42WTQ0SJ,1997
37405852,Iliana,Asset Management,YQQ21OIJ6GV,1982
13778236,Yoko,Customer Relations,MYJ62OTJ0AH,1982
14353235,Armando,Tech Support,ZIX04JBD8AJ,1996
45444257,Gareth,Payroll,XAU45LDN0VZ,1998
41406619,Ross,Sales and Marketing,NDO10NSY0SG,1988
11474901,Quon,Finances,FSR55KPJ5QM,1980
25759352,Mechelle,Human Resources,DAU54VFJ7AT,1975
14488109,Quentin,Public Relations,ATP40YLB5SX,1988
48145607,Ryan,Tech Support,FOZ67OQX2WQ,1995
22233420,Hammett,Quality Assurance,HBN90VPO4CV,1985
31208889,Jacob,Finances,CDO22QSO8CB,1996
38768469,Gregory,Finances,CGW77WNQ5JO,1976
28435704,Audrey,Legal Department,JJZ58EWS9AJ,1981
15772635,Bethany,Customer Service,JXV34FAP3JI,1977
11588381,Christine,Legal Department,TAO78TZW6JW,1998
38553411,Dorothy,Accounting,MDA36PIH0XL,1971
19494667,Rosalyn,Sales and Marketing,CVC50ZBI3DF,1988
14952261,Uriah,Customer Service,WHE43PNO2DJ,1982
28964786,Thaddeus,Media Relations,MYU57CYY9HR,1971
23617161,Leah,Human Resources,BSL63WID6ZF,1971
15036244,Demetria,Advertising,PRR81EKT7TV,1985
27800132,Rebekah,Asset Management,KBN89PTI7MN,1974
17036616,Louis,Customer Service,JCT79BFZ0AC,1971
24801405,Hilda,Finances,BMN62WCF8YU,1975
44278538,Prescott,Quality Assurance,DCC55RLE1UY,1986
39370475,Drew,Media Relations,QYQ21KTC1GL,1994
38424186,Justina,Payroll,EYM48OEW8WB,1987
34768727,Cullen,Sales and Marketing,FWA80CWW8MU,1976
38324143,Violet,Finances,PKM52AUK9LX,1995
30686675,Hilda,Finances,BZB60SBS2FO,1975
22345482,Gail,Research and Development,CVL13DLA3RZ,1981
33699151,Paki,Research and Development,HWH98DFC6WO,1986
25689760,Signe,Sales and Marketing,ZAI51DAJ1SD,1973
12486263,Giselle,Advertising,NJF54BID6WE,1994
37851373,Althea,Accounting,RGM39TRD0DF,1994
48275447,Ivory,Finances,BIH48KUL1BC,1972
17676184,Hyacinth,Legal Department,ITD09OJW6XY,1978
29247184,Cairo,Payroll,EXQ35UNW1NG,1997
42025227,Justine,Research and Development,TSX58LWS6TW,1978
25862496,Roanna,Finances,LML46XSO3PF,1992
48395514,Alexandra,Research and Development,NOM49ZLO1CQ,1987
45016757,Maile,Accounting,AFF54DHV5JB,1973
12149942,Jenna,Customer Service,JHX01PRH4LO,1994
28881953,Germaine,Legal Department,UGP33YFZ5YB,1998
17539207,Kaitlin,Advertising,NEB06TOR3FY,1977
37340304,Diana,Media Relations,OHT40DNB7AX,1997
33385763,Bernard,Customer Relations,RKT41PKW9PX,1976
12727959,Brenden,Payroll,XSF44UIM2DT,1976
24893152,Nero,Research and Development,DQO31KPT0UL,1992
20590966,Boris,Legal Department,CVS68EYU8OR,1986
36115716,Curran,Advertising,OPU47NHW3PD,1986
48361430,Dennis,Payroll,VBB62ATN1SC,1976
10999240,Herman,Customer Service,MLX77ZCB0YU,1994
34967951,Brennan,Customer Service,PMD21FDD6RJ,1996
16814657,Valentine,Asset Management,KUY96JDD5OA,1998
17063781,Halla,Accounting,ULO74RCF1SM,1973
17138188,Maite,Customer Relations,ETK62UWX3RN,1974
20316766,Prescott,Media Relations,WYQ06NKC0DF,1996
24816408,Teagan,Tech Support,XEI87NRR1XD,1981
12475655,Colt,Quality Assurance,PFO25XMJ4IO,1977
16236178,Maia,Human Resources,CXR41DTO3HH,1972
18593598,Amy,Accounting,KZG80HLD2UD,1996
16322845,Griffith,Finances,BHI97CAQ3VM,1990
36229378,Dieter,Customer Relations,RGB94WLP0LM,1998
44908301,Azalia,Sales and Marketing,FDV66RQX7VA,1974
31745389,Cadman,Media Relations,LHB01MEM0ZE,1989
31820047,Quamar,Accounting,CQM35NFQ5YC,1998
10842432,MacKensie,Media Relations,SNR77LHR7RP,1979
32759385,Grady,Payroll,ZJM29CJZ7DN,1990
31958341,Pearl,Public Relations,RXZ47CAA0ZJ,1996
48155628,Noah,Customer Relations,RWF02QAG9QS,1979
36881729,Tamekah,Sales and Marketing,GYG59BKC4JS,1975
49135377,Lyle,Research and Development,OTI86UZB2XW,1978
11348944,Hanae,Media Relations,TVB39JVM8FQ,1997
43624679,Mannix,Human Resources,IGI21ADE5SD,1986
20230631,May,Accounting,PKV45TKD7OG,1972
41545903,Jaime,Customer Service,ESV37CVJ1HB,1984
10478656,Forrest,Tech Support,CWA78GFY7OI,1975
15324895,Yuli,Finances,RVD08HNF4QG,1977
12452632,Cyrus,Human Resources,REA10MXQ5VM,1975
27207452,Graham,Finances,OER96HSQ4SR,1982
38128581,Gray,Advertising,CNY52BDD2UZ,1974
13246303,Rigel,Public Relations,CBS07RJR8UE,1971
36064224,Scott,Customer Service,UBI81BIO3MO,1996
41478807,Graham,Sales and Marketing,ITG43GCE7EL,1993
47784418,Joel,Advertising,EGP93GMR7ND,1980
15163652,Holmes,Asset Management,OAD67OJH9DI,1996
14506953,Alyssa,Finances,KDH45GBV5NE,1970
16089718,Carter,Payroll,VTM19YAE8XR,1988
36220108,Drew,Customer Relations,LBI99FEV0WK,1996
20525598,Stuart,Sales and Marketing,GUK07BAH9SR,1975
13943326,Susan,Accounting,TIF85KOJ7BK,1983
23952514,Finn,Payroll,CJU87YXD3PZ,1992
41431485,Brenna,Research and Development,CYZ64JST5BI,1971
36505878,Leah,Accounting,EXF84MVV3KD,1992
11318423,Steel,Quality Assurance,HZD57MOE0EV,1981
48051516,Sophia,Tech Support,HBC49KAQ2AN,1993
46337009,Jason,Advertising,TJM60BMJ2WH,1973
42345945,Noelani,Tech Support,NNH45LKD0ZL,1985
42885542,Maxwell,Payroll,YNY97ZEY5XX,1973
19774177,Cecilia,Media Relations,FNC25QQS3SD,1971
15797408,Tanisha,Finances,SYA09JWJ7BI,1982
12115161,Aimee,Accounting,GXK29VVW3KA,1973
19935092,Hilary,Legal Department,GLN82CYF8LL,1998
22003205,Jael,Human Resources,ADA48SVY3FY,1998
25891385,Sawyer,Accounting,MEJ47HBM1TU,1974
26923450,Channing,Sales and Marketing,PTF35GDX0NW,1983
11002305,Freya,Tech Support,BBD95KIZ4YD,1983
45594815,Lev,Tech Support,GNB87LOR4BW,1985
23959286,Chaim,Payroll,SBZ06LOI1HI,1984
25818115,Autumn,Finances,JWQ90BLI2KJ,1972
37344189,Coby,Public Relations,RZE24ZKS2KP,1989
22422830,Todd,Human Resources,JKK99WVS6JI,1994
15516392,Brennan,Asset Management,SJK98YEX8BL,1970
19872711,Phelan,Tech Support,RVX75BQI2VR,1981
42889926,Illiana,Advertising,XDD69ZWW2GN,1989
33663386,Scarlett,Accounting,VMA46EED4BT,1984
19460062,Ulysses,Payroll,QTA45STX7JM,1995
49923700,Cadman,Customer Service,XVH20PKD5PI,1989
29981713,Camille,Tech Support,RPI70DJN0PE,1979
40792531,Damian,Customer Relations,IRW73AWL5BS,1970
28099545,Leandra,Finances,UZM75CPI6DQ,1970
15275778,Mariam,Media Relations,IGA69IGX4PW,1980
39693770,Kibo,Quality Assurance,HBI00QEZ3UI,1973
13795438,Harding,Finances,WOD38VHN6ID,1995
43189703,Clark,Advertising,COP58JTK9PK,1983
42715870,Hunter,Legal Department,DYR40KCB0AC,1976
13321338,Anthony,Payroll,TRE08CPN4QB,1996
36764999,Cameran,Sales and Marketing,SKT86LTI9PG,1982
12719040,Armando,Legal Department,GMP14AAW8XK,1995
24593853,Cheyenne,Payroll,FMU77YHP6MK,1995
49787683,Fuller,Quality Assurance,JBD38MOB5XD,1971
17993930,Yuli,Sales and Marketing,CIF72ZGN0OG,1997
35729127,Emery,Asset Management,RUU83WEJ6CZ,1986
18139224,Athena,Public Relations,ERQ93RCP0TU,1982
26728705,Giselle,Finances,QMJ89PGU9JF,1986
30282498,Hector,Customer Service,AKW62WKO5RP,1991
10516744,Bradley,Sales and Marketing,KQT19DDW5EV,1971
38014496,Lana,Asset Management,KLA21URM7TX,1974
15500564,Dalton,Quality Assurance,DJT65QCH2WK,1979
17610076,Imogene,Human Resources,BZK22DYN9FX,1977
30475336,Celeste,Tech Support,FEF16BMZ5RW,1983
33008340,Chava,Customer Relations,EXD98SDR7DN,1992